,Age,Purchase Amount (USD),Review Rating,Previous Purchases,Salary
Age,231.27076706058762,-3.754573953873774,-0.23907060982105854,8.885903880679464,10031.718447728212
Purchase Amount (USD),-3.754573953873774,560.9978060778241,0.5220833218247944,2.7591853927042482,282450.2079220839
Review Rating,-0.23907060982105854,0.5220833218247944,0.5129751191955852,0.04376001736145362,342.05979950151607
Previous Purchases,8.885903880679464,2.7591853927042482,0.04376001736145362,208.71942569100452,210268.3710316254
Salary,10031.718447728212,282450.2079220839,342.05979950151607,210268.3710316254,386179534.2459869
